personality,job,source,job_clean,job_canonical
introvert,Software Developer,online.fit.edu,software developer,software developer
introvert,Budget Analyst,online.fit.edu,budget analyst,budget analyst
introvert,Accountant,online.fit.edu,accountant,accountant
introvert,Criminologist,online.fit.edu,criminologist,criminologist
introvert,Portfolio Compliance Specialist,online.fit.edu,portfolio compliance specialist,portfolio compliance specialist
introvert,Controller,online.fit.edu,controller,controller
introvert,Market Research Analyst,online.fit.edu,market research analyst,market research analyst
introvert,Data Scientist,www.multiverse.io,data scientist,data scientist
introvert,Software Engineer,www.multiverse.io,software engineer,software engineer
introvert,Product Manager,www.multiverse.io,product manager,product manager
introvert,Data Engineer,www.multiverse.io,data engineer,data engineer
introvert,Data Analyst,www.multiverse.io,data analyst,data analyst
introvert,Content Marketing Manager,www.multiverse.io,content marketing manager,content marketing manager
introvert,Cybersecurity Analyst,www.multiverse.io,cybersecurity analyst,cybersecurity analyst
introvert,Graphic Designer,www.multiverse.io,graphic designer,graphic designer
introvert,UX Designer,www.multiverse.io,ux designer,ux designer
introvert,Cloud Engineer,www.multiverse.io,cloud engineer,cloud engineer
introvert,Project Manager,www.multiverse.io,project manager,project manager
introvert,Technical Writing,www.multiverse.io,technical writing,technical writing
introvert,Technical Writer,www.multiverse.io,technical writer,technical writer
introvert,Systems Engineer,blog.steppingblocks.com,systems engineer,systems engineer
introvert,Human Resources Manager,blog.steppingblocks.com,human resources manager,human resource manager
introvert,Software Developer,blog.steppingblocks.com,software developer,software developer
introvert,Cybersecurity Engineer,blog.steppingblocks.com,cybersecurity engineer,cybersecurity engineer
introvert,Psychologist,blog.steppingblocks.com,psychologist,psychologist
introvert,Web Developer,blog.steppingblocks.com,web developer,web developer
introvert,Accountant,blog.steppingblocks.com,accountant,accountant
introvert,Information Security Analyst,blog.steppingblocks.com,information security analyst,information security analyst
introvert,X-Ray Technician,blog.steppingblocks.com,x-ray technician,x-ray technician
introvert,Writer,blog.steppingblocks.com,writer,writer
introvert,Teacher,blog.steppingblocks.com,teacher,teacher
introvert,Business Analyst,blog.steppingblocks.com,business analyst,business analyst
introvert,Social Worker,blog.steppingblocks.com,social worker,social worker
introvert,Web Designer,blog.steppingblocks.com,web designer,web designer
introvert,Therapist,blog.steppingblocks.com,therapist,therapist
introvert,Social worker,www.coursera.org,social worker,social worker
introvert,Physician assistant,www.coursera.org,physician assistant,physician assistant
introvert,UX Designer,www.coursera.org,ux designer,ux designer
introvert,Data scientist,www.coursera.org,data scientist,data scientist
introvert,Engineer,www.coursera.org,engineer,engineer
introvert,IT manager,www.coursera.org,it manager,it manager
introvert,Social media manager,www.coursera.org,social media manager,social media manager
introvert,Digital designer,www.coursera.org,digital designer,digital designer
introvert,Software developer,www.coursera.org,software developer,software developer
introvert,Accountant,www.coursera.org,accountant,accountant
introvert,Market research analyst,www.coursera.org,market research analyst,market research analyst
introvert,Industrial machinery mechanic,www.coursera.org,industrial machinery mechanic,industrial machinery mechanic
introvert,Health service manager,www.coursera.org,health service manager,health service manager
introvert,Veterinarian,www.coursera.org,veterinarian,veterinarian
introvert,Marketing manager,www.coursera.org,marketing manager,marketing manager
introvert,Cybersecurity analyst,www.coursera.org,cybersecurity analyst,cybersecurity analyst
introvert,Project manager,www.coursera.org,project manager,project manager
introvert,Help desk technician,www.coursera.org,help desk technician,help desk technician
introvert,Lawyer,www.coursera.org,lawyer,lawyer
introvert,Psychologist,www.coursera.org,psychologist,psychologist
introvert,Interpreter,www.coursera.org,interpreter,interpreter
introvert,Commercial airline pilot,www.coursera.org,commercial airline pilot,commercial airline pilot
introvert,Researcher,www.coursera.org,researcher,researcher
introvert,Social scientist,www.coursera.org,social scientist,social scientist
introvert,Writer,www.coursera.org,writer,writer
introvert,Archivist,timesofindia.indiatimes.com,archivist,archivist
introvert,Librarian,timesofindia.indiatimes.com,librarian,librarian
introvert,Data analyst,timesofindia.indiatimes.com,data analyst,data analyst
introvert,Technical writer,timesofindia.indiatimes.com,technical writer,technical writer
introvert,Therapist,timesofindia.indiatimes.com,therapist,therapist
introvert,Counselor,timesofindia.indiatimes.com,counselor,counselor
introvert,UX designer,timesofindia.indiatimes.com,ux designer,ux designer
introvert,Research scientist,timesofindia.indiatimes.com,research scientist,research scientist
introvert,Independent creator,timesofindia.indiatimes.com,independent creator,independent creator
introvert,Web Developer,www.sofi.com,web developer,web developer
introvert,Digital Designer,www.sofi.com,digital designer,digital designer
introvert,Farmer,www.sofi.com,farmer,farmer
introvert,Rancher,www.sofi.com,rancher,rancher
introvert,Psychologist,www.sofi.com,psychologist,psychologist
introvert,Pipefitter,www.sofi.com,pipefitter,pipefitter
introvert,Plumber,www.sofi.com,plumber,plumber
introvert,Steamfitter,www.sofi.com,steamfitter,steamfitter
introvert,Postal Service Worker,www.sofi.com,postal service worker,postal service worker
introvert,Social Worker,www.sofi.com,social worker,social worker
introvert,HVAC Technician,www.sofi.com,hvac technician,hvac technician
introvert,Environmental Scientist,www.sofi.com,environmental scientist,environmental scientist
introvert,Delivery Truck Driver,www.sofi.com,delivery truck driver,delivery truck driver
introvert,Writer,www.sofi.com,writer,writer
introvert,Author,www.sofi.com,author,author
introvert,Librarian,www.sofi.com,librarian,librarian
introvert,Physician,www.sofi.com,physician,physician
introvert,Roofer,www.sofi.com,roofer,roofer
introvert,Surveying and Mapping Technician,www.sofi.com,surveying and mapping technician,surveying and mapping technician
introvert,Mechanic,www.sofi.com,mechanic,mechanic
introvert,Bookkeeper,www.sofi.com,bookkeeper,bookkeeper
introvert,Interpreter,www.sofi.com,interpreter,interpreter
introvert,Translator,www.sofi.com,translator,translator
introvert,Software Quality Assurance Analyst,www.sofi.com,software quality assurance analyst,software quality assurance analyst
introvert,Tester,www.sofi.com,tester,tester
introvert,Marketing Manager,www.sofi.com,marketing manager,marketing manager
introvert,Photographer,www.sofi.com,photographer,photographer
introvert,Proofreader,www.sofi.com,proofreader,proofreader
introvert,Landscaper,www.sofi.com,landscaper,landscaper
introvert,Physician Assistant,www.sofi.com,physician assistant,physician assistant
introvert,Animal Trainer,www.sofi.com,animal trainer,animal trainer
introvert,Medical Transcriptionist,www.sofi.com,medical transcriptionist,medical transcriptionist
introvert,Floral Designer,www.sofi.com,floral designer,floral designer
introvert,Data Scientist,www.sofi.com,data scientist,data scientist
introvert,Teacher,www.sofi.com,teacher,teacher
introvert,Hand Sewer,www.sofi.com,hand sewer,hand sewer
introvert,Accountant,www.sofi.com,accountant,accountant
introvert,Medical coding,www.monarch.edu.au,medical coding,medical coding
introvert,Technical writing,www.monarch.edu.au,technical writing,technical writing
introvert,Freelance bookkeeping,www.monarch.edu.au,freelance bookkeeping,freelance bookkeeping
introvert,Data entry specialist,www.monarch.edu.au,data entry specialist,data entry specialist
introvert,Copy editor,www.monarch.edu.au,copy editor,copy editor
introvert,Transcriptionist,www.monarch.edu.au,transcriptionist,transcriptionist
introvert,Graphic design,www.monarch.edu.au,graphic design,graphic designer
introvert,Web development,www.monarch.edu.au,web development,web developer
introvert,Electrician,www.monarch.edu.au,electrician,electrician
introvert,Content creator,www.monarch.edu.au,content creator,content creator
introvert,Data analysis,www.monarch.edu.au,data analysis,data analyst
introvert,Pet grooming,www.monarch.edu.au,pet grooming,pet grooming
introvert,Laboratory technician,www.monarch.edu.au,laboratory technician,laboratory technician
introvert,Night security,www.monarch.edu.au,night security,night security
introvert,Library Assistant,www.monarch.edu.au,library assistant,library assistant
introvert,Sales representative,www.monarch.edu.au,sales representative,sales representative
introvert,Call centre operator,www.monarch.edu.au,call centre operator,call center operator
introvert,Real estate agent,www.monarch.edu.au,real estate agent,real estate agent
introvert,Restaurant server,www.monarch.edu.au,restaurant server,restaurant server
introvert,Data Analyst,www.monarch.edu.au,data analyst,data analyst
introvert,UX designer,www.monarch.edu.au,ux designer,ux designer
introvert,Financial analyst,www.monarch.edu.au,financial analyst,financial analyst
introvert,Bookkeeping assistant,www.monarch.edu.au,bookkeeping assistant,bookkeeping assistant
introvert,Data entry specialist,www.monarch.edu.au,data entry specialist,data entry specialist
introvert,Transcriptionist,www.monarch.edu.au,transcriptionist,transcriptionist
introvert,Data entry specialist,www.monarch.edu.au,data entry specialist,data entry specialist
introvert,Medical transcriptionist,www.monarch.edu.au,medical transcriptionist,medical transcriptionist
introvert,Freeland writer,www.monarch.edu.au,freeland writer,freelance writer
introvert,Editor,www.monarch.edu.au,editor,editor
introvert,Laboratory technician,www.monarch.edu.au,laboratory technician,laboratory technician
introvert,software developer,www.monarch.edu.au,software developer,software developer
introvert,Bookkeeper,www.monarch.edu.au,bookkeeper,bookkeeper
introvert,night guard,www.monarch.edu.au,night guard,night guard
introvert,security,www.monarch.edu.au,security,security
introvert,Archivist,www.monarch.edu.au,archivist,archivist
introvert,pet groomer,www.monarch.edu.au,pet groomer,pet groomer
introvert,warehouse worker,www.monarch.edu.au,warehouse worker,warehouse worker
introvert,Content Writer,www.collegetransitions.com,content writer,content writer
introvert,Editor or Technical Writer,www.collegetransitions.com,editor or technical writer,editor or technical writer
introvert,Technical Writer,www.collegetransitions.com,technical writer,technical writer
introvert,Archivist,www.collegetransitions.com,archivist,archivist
introvert,Librarian,www.collegetransitions.com,librarian,librarian
introvert,Translator,www.collegetransitions.com,translator,translator
introvert,Psychologist,www.collegetransitions.com,psychologist,psychologist
introvert,Lawyer,www.collegetransitions.com,lawyer,lawyer
introvert,Conservation Scientist,www.collegetransitions.com,conservation scientist,conservation scientist
introvert,Paralegal,www.collegetransitions.com,paralegal,paralegal
introvert,Park Ranger,www.collegetransitions.com,park ranger,park ranger
introvert,Mechanic,www.collegetransitions.com,mechanic,mechanic
introvert,Landscape Architect,www.collegetransitions.com,landscape architect,landscape architect
introvert,Artist,www.collegetransitions.com,artist,artist
introvert,Social Media Manager,www.collegetransitions.com,social media manager,social media manager
introvert,Engineer,www.collegetransitions.com,engineer,engineer
introvert,Accountant,www.collegetransitions.com,accountant,accountant
introvert,Research Scientist,www.collegetransitions.com,research scientist,research scientist
introvert,Data Analyst,www.collegetransitions.com,data analyst,data analyst
introvert,Veterinarian,www.collegetransitions.com,veterinarian,veterinarian
introvert,Actuary,www.collegetransitions.com,actuary,actuary
introvert,Pathologist,www.collegetransitions.com,pathologist,pathologist
introvert,Psychiatrist,www.collegetransitions.com,psychiatrist,psychiatrist
introvert,Data Architect,www.collegetransitions.com,data architect,data architect
introvert,transcription,happyshypeople.com,transcription,transcriptionist
introvert,proofreading,happyshypeople.com,proofreading,proofreading
introvert,editing,happyshypeople.com,editing,editing
introvert,bookkeeping,happyshypeople.com,bookkeeping,bookkeeping
introvert,data entry,happyshypeople.com,data entry,data entry
introvert,library roles,happyshypeople.com,library roles,library roles
introvert,archivist,happyshypeople.com,archivist,archivist
introvert,design,happyshypeople.com,design,design
introvert,illustrator,happyshypeople.com,illustrator,illustrator
introvert,back-office operations,happyshypeople.com,back-office operations,back-office operations
introvert,non-phone customer support (chat/email),happyshypeople.com,non-phone customer support (chat/email),non-phone customer support (chat/email)
introvert,retail stocker,happyshypeople.com,retail stocker,retail stocker
introvert,warehouse associate,happyshypeople.com,warehouse associate,warehouse associate
introvert,remote data entry,happyshypeople.com,remote data entry,remote data entry
introvert,pet sitter,happyshypeople.com,pet sitter,pet sitter
introvert,dog walker,happyshypeople.com,dog walker,dog walker
introvert,delivery driving,happyshypeople.com,delivery driving,delivery driving
introvert,gigs,happyshypeople.com,gigs,gigs
introvert,writer,happyshypeople.com,writer,writer
introvert,admin,happyshypeople.com,admin,admin
introvert,freelance,happyshypeople.com,freelance,freelancer
introvert,Writer,happyshypeople.com,writer,writer
introvert,Writer,happyshypeople.com,writer,writer
introvert,Graphic Designer,happyshypeople.com,graphic designer,graphic designer
introvert,data analyst,happyshypeople.com,data analyst,data analyst
introvert,Librarian,happyshypeople.com,librarian,librarian
introvert,Freelancer,happyshypeople.com,freelancer,freelancer
introvert,Illustrator,happyshypeople.com,illustrator,illustrator
introvert,Animator,happyshypeople.com,animator,animator
introvert,ux,happyshypeople.com,ux,ux
introvert,ui,happyshypeople.com,ui,ui
introvert,Photographer,happyshypeople.com,photographer,photographer
introvert,Music Composer,happyshypeople.com,music composer,music composer
introvert,producer,happyshypeople.com,producer,producer
introvert,Craft Artist,happyshypeople.com,craft artist,craft artist
introvert,handmade goods creator,happyshypeople.com,handmade goods creator,handmade goods creator
introvert,tattoo artist,happyshypeople.com,tattoo artist,tattoo artist
introvert,film editor,happyshypeople.com,film editor,film editor
introvert,video editor,happyshypeople.com,video editor,video editor
introvert,Calligrapher,happyshypeople.com,calligrapher,calligrapher
introvert,Lettering Artist,happyshypeople.com,lettering artist,lettering artist
introvert,Ceramic Artist,happyshypeople.com,ceramic artist,ceramic artist
introvert,Sculptor,happyshypeople.com,sculptor,sculptor
introvert,Virtual Assistant,happyshypeople.com,virtual assistant,virtual assistant
introvert,Customer Support,happyshypeople.com,customer support,customer support
introvert,Delivery Driver,happyshypeople.com,delivery driver,delivery driver
introvert,Freelance Writing,happyshypeople.com,freelance writing,freelance writing
introvert,Carpenter,happyshypeople.com,carpenter,carpenter
introvert,plumber,happyshypeople.com,plumber,plumber
introvert,stocker,happyshypeople.com,stocker,stocker
introvert,warehouse associate,happyshypeople.com,warehouse associate,warehouse associate
introvert,Retail Stocker,happyshypeople.com,retail stocker,retail stocker
introvert,remote data entry,happyshypeople.com,remote data entry,remote data entry
introvert,data entry,happyshypeople.com,data entry,data entry
introvert,dog walker,happyshypeople.com,dog walker,dog walker
introvert,content creation,happyshypeople.com,content creation,content creator
introvert,Archivist,happyshypeople.com,archivist,archivist
introvert,Transcriptionist,happyshypeople.com,transcriptionist,transcriptionist
introvert,Proofreader,happyshypeople.com,proofreader,proofreader
introvert,Graphic Illustrator,happyshypeople.com,graphic illustrator,graphic illustrator
introvert,Bookkeeper,happyshypeople.com,bookkeeper,bookkeeper
introvert,Data Entry Specialist,psychologywriting.com,data entry specialist,data entry specialist
introvert,Accountant,psychologywriting.com,accountant,accountant
introvert,Graphic Designer,psychologywriting.com,graphic designer,graphic designer
introvert,Computer Programmer,psychologywriting.com,computer programmer,computer programmer
introvert,Web Developer,psychologywriting.com,web developer,web developer
introvert,Technical Writer,psychologywriting.com,technical writer,technical writer
introvert,Gardener,psychologywriting.com,gardener,gardener
introvert,Organic Farmer,psychologywriting.com,organic farmer,organic farmer
introvert,Park Ranger,psychologywriting.com,park ranger,park ranger
introvert,Massage Therapist,psychologywriting.com,massage therapist,massage therapist
introvert,Dietitian,psychologywriting.com,dietitian,dietitian
introvert,Personal Trainer,psychologywriting.com,personal trainer,personal trainer
introvert,Animal Care Options,psychologywriting.com,animal care options,animal care options
introvert,Veterinary Care Assistant,psychologywriting.com,veterinary care assistant,veterinary care assistant
introvert,Pet Groomer,psychologywriting.com,pet groomer,pet groomer
introvert,Dog Walker,psychologywriting.com,dog walker,dog walker
introvert,Biological Technician,tallo.com,biological technician,biological technician
introvert,Drafter,tallo.com,drafter,drafter
introvert,Airline Pilot,tallo.com,airline pilot,airline pilot
introvert,Web Developer,tallo.com,web developer,web developer
introvert,Writer/Author,tallo.com,writer/author,writer/author
introvert,Paralegal,tallo.com,paralegal,paralegal
introvert,Welder,tallo.com,welder,welder
introvert,Accountant,www.theforage.com,accountant,accountant
introvert,Artist,www.theforage.com,artist,artist
introvert,Consultant,www.theforage.com,consultant,consultant
introvert,Data Analyst,www.theforage.com,data analyst,data analyst
introvert,Medical Scientist,www.theforage.com,medical scientist,medical scientist
introvert,Psychologist,www.theforage.com,psychologist,psychologist
introvert,Social Media Manager,www.theforage.com,social media manager,social media manager
introvert,Software Engineer,www.theforage.com,software engineer,software engineer
introvert,UX Designer,www.theforage.com,ux designer,ux designer
introvert,Writer,www.theforage.com,writer,writer
introvert,Photographer,www.monster.com,photographer,photographer
introvert,Librarian,www.monster.com,librarian,librarian
introvert,Psychologist,www.monster.com,psychologist,psychologist
introvert,Architect,www.monster.com,architect,architect
introvert,Landscaper,www.monster.com,landscaper,landscaper
introvert,Scientist,www.monster.com,scientist,scientist
introvert,Truck Driver,www.monster.com,truck driver,truck driver
introvert,Driver,www.monster.com,driver,driver
introvert,Actuary,www.monster.com,actuary,actuary
introvert,Software Developer,www.monster.com,software developer,software developer
introvert,Data Scientist,www.monster.com,data scientist,data scientist
introvert,Financial Manager,www.monster.com,financial manager,financial manager
introvert,Data Entry Clerk,www.monster.com,data entry clerk,data entry clerk
introvert,Writer,www.monster.com,writer,writer
introvert,Accountant,www.monster.com,accountant,accountant
introvert,Graphic Designer,www.monster.com,graphic designer,graphic designer
introvert,Data Entry,www.monster.com,data entry,data entry
introvert,Accountant,www.theforage.com,accountant,accountant
introvert,Artist,www.theforage.com,artist,artist
introvert,Consultant,www.theforage.com,consultant,consultant
introvert,Data Analyst,www.theforage.com,data analyst,data analyst
introvert,Medical Scientist,www.theforage.com,medical scientist,medical scientist
introvert,Psychologist,www.theforage.com,psychologist,psychologist
introvert,Social Media Manager,www.theforage.com,social media manager,social media manager
introvert,Software Engineer,www.theforage.com,software engineer,software engineer
introvert,UX Designer,www.theforage.com,ux designer,ux designer
introvert,Writer,www.theforage.com,writer,writer
introvert,Insurance,www.hhills.com,insurance,insurance
introvert,Financing,www.hhills.com,financing,financing
introvert,Freelance Writer,www.hhills.com,freelance writer,freelance writer
introvert,Graphic Designer,www.hhills.com,graphic designer,graphic designer
introvert,Data Analyst,www.hhills.com,data analyst,data analyst
introvert,IT Specialist,www.hhills.com,it specialist,it specialist
introvert,Tech Support,www.hhills.com,tech support,tech support
introvert,Librarian,www.hhills.com,librarian,librarian
introvert,Archival Roles,www.hhills.com,archival roles,archival roles
introvert,Technical Roles,www.hhills.com,technical roles,technical roles
introvert,Accountant,www.hhills.com,accountant,accountant
introvert,Bookkeeper,www.hhills.com,bookkeeper,bookkeeper
introvert,Closed Captioner,www.hhills.com,closed captioner,closed captioner
introvert,Transcriptionist,www.hhills.com,transcriptionist,transcriptionist
introvert,Gardener,www.hhills.com,gardener,gardener
introvert,Landscaper,www.hhills.com,landscaper,landscaper
introvert,Software Developer,www.hhills.com,software developer,software developer
introvert,Programmer,www.hhills.com,programmer,programmer
extrovert,Registered Nurse,www.sofi.com,registered nurse,registered nurse
extrovert,Nurse Practitioner,www.sofi.com,nurse practitioner,nurse practitioner
extrovert,Physical Therapist,www.sofi.com,physical therapist,physical therapist
extrovert,Physician Assistant,www.sofi.com,physician assistant,physician assistant
extrovert,Surgical Technologists,www.sofi.com,surgical technologists,surgical technologists
extrovert,Dentist,www.sofi.com,dentist,dentist
extrovert,Dental Hygienist,www.sofi.com,dental hygienist,dental hygienist
extrovert,Medical and Health Services Manager,www.sofi.com,medical and health services manager,medical and health services manager
extrovert,Sales Representative,www.sofi.com,sales representative,sales representative
extrovert,Marketing Manager,www.sofi.com,marketing manager,marketing manager
extrovert,Industrial Engineer,www.sofi.com,industrial engineer,industrial engineer
extrovert,Financial Manager,www.sofi.com,financial manager,financial manager
extrovert,Human Resources Manager,www.sofi.com,human resources manager,human resource manager
extrovert,Chief Executive Officer,www.sofi.com,chief executive officer,chief executive officer
extrovert,Real Estate Agent,www.sofi.com,real estate agent,real estate agent
extrovert,Police Officer,www.sofi.com,police officer,police officer
extrovert,Talent Manager,www.sofi.com,talent manager,talent manager
extrovert,recruiter,www.sofi.com,recruiter,recruiter
extrovert,Agent,www.sofi.com,agent,agent
extrovert,Producers and Directors,www.sofi.com,producers and directors,producers and directors
extrovert,Construction Manager,www.sofi.com,construction manager,construction manager
extrovert,Architect,www.sofi.com,architect,architect
extrovert,Mechanical Engineer,www.sofi.com,mechanical engineer,mechanical engineer
extrovert,Social Media Specialist,www.sofi.com,social media specialist,social media specialist
extrovert,Sales Manager,www.sofi.com,sales manager,sales manager
extrovert,Sales Engineer,www.sofi.com,sales engineer,sales engineer
extrovert,Computer Systems Analyst,www.sofi.com,computer systems analyst,computer systems analyst
extrovert,Pilot,www.sofi.com,pilot,pilot
extrovert,Natural sciences manager,www.humanresourcesonline.net,natural sciences manager,natural sciences manager
extrovert,Lawyer,www.humanresourcesonline.net,lawyer,lawyer
extrovert,Human resources manager,www.humanresourcesonline.net,human resources manager,human resource manager
extrovert,Sales manager,www.humanresourcesonline.net,sales manager,sales manager
extrovert,Physician assistant,www.humanresourcesonline.net,physician assistant,physician assistant
extrovert,Public relations manager,www.humanresourcesonline.net,public relations manager,public relations manager
extrovert,Nurse practitioner,www.humanresourcesonline.net,nurse practitioner,nurse practitioner
extrovert,Medical and health services manager,www.humanresourcesonline.net,medical and health services manager,medical and health services manager
extrovert,Construction manager,www.humanresourcesonline.net,construction manager,construction manager
extrovert,Administrative services manager,www.humanresourcesonline.net,administrative services manager,administrative services manager
extrovert,Salesperson,www.careersevent.com,salesperson,salesperson
extrovert,event planner,www.careersevent.com,event planner,event planner
extrovert,event coordinator,www.careersevent.com,event coordinator,event coordinator
extrovert,teacher,www.careersevent.com,teacher,teacher
extrovert,public relations specialist,www.careersevent.com,public relations specialist,public relations specialist
extrovert,Psychiatrist,www.careersevent.com,psychiatrist,psychiatrist
extrovert,politician,www.careersevent.com,politician,politician
extrovert,Public Relations,www.bestcolleges.com,public relations,public relations
extrovert,Journalism,www.bestcolleges.com,journalism,journalist
extrovert,Sales,www.bestcolleges.com,sales,sales
extrovert,Business Management,www.bestcolleges.com,business management,business management
extrovert,Social and Community Service,www.bestcolleges.com,social and community service,social and community service
extrovert,Education,www.bestcolleges.com,education,education
extrovert,Human Resources,www.bestcolleges.com,human resources,human resources
extrovert,Law,www.bestcolleges.com,law,law
extrovert,Social Work,www.bestcolleges.com,social work,social worker
extrovert,Consulting,www.bestcolleges.com,consulting,consulting
extrovert,Public relations specialist,www.tealhq.com,public relations specialist,public relations specialist
extrovert,Real estate agent,www.tealhq.com,real estate agent,real estate agent
extrovert,Human resources manager,www.tealhq.com,human resources manager,human resource manager
extrovert,Teacher,www.tealhq.com,teacher,teacher
extrovert,Professor,www.tealhq.com,professor,professor
extrovert,Nurse,www.tealhq.com,nurse,nurse
extrovert,Flight attendant,www.tealhq.com,flight attendant,flight attendant
extrovert,Marketing manager,www.tealhq.com,marketing manager,marketing manager
extrovert,Recruiter,www.tealhq.com,recruiter,recruiter
extrovert,Customer service representative,www.tealhq.com,customer service representative,customer service representative
extrovert,Psychologist,www.tealhq.com,psychologist,psychologist
extrovert,Counselor,www.tealhq.com,counselor,counselor
extrovert,Lawyer,www.tealhq.com,lawyer,lawyer
extrovert,Politician,www.tealhq.com,politician,politician
extrovert,Political consultant,www.tealhq.com,political consultant,political consultant
extrovert,Performer,www.tealhq.com,performer,performer
extrovert,Actor,www.tealhq.com,actor,actor
extrovert,Journalist,www.tealhq.com,journalist,journalist
extrovert,Broadcaster,www.tealhq.com,broadcaster,broadcaster
extrovert,Hospitality manager,www.tealhq.com,hospitality manager,hospitality manager
extrovert,Fitness instructor,www.tealhq.com,fitness instructor,fitness instructor
extrovert,Entrepreneur,www.tealhq.com,entrepreneur,entrepreneur
extrovert,Executive coach,www.tealhq.com,executive coach,executive coach
extrovert,Nonprofit director,www.tealhq.com,nonprofit director,nonprofit director
extrovert,Product manager,www.tealhq.com,product manager,product manager
extrovert,Wedding planner,www.tealhq.com,wedding planner,wedding planner
extrovert,Social media manager,www.tealhq.com,social media manager,social media manager
extrovert,Sales Representative,www.yourcareerstrategy.com,sales representative,sales representative
extrovert,Real Estate Agent,www.yourcareerstrategy.com,real estate agent,real estate agent
extrovert,Flight Attendant,www.yourcareerstrategy.com,flight attendant,flight attendant
extrovert,Retail Store Manager,www.yourcareerstrategy.com,retail store manager,retail store manager
extrovert,Hotel Manager,www.yourcareerstrategy.com,hotel manager,hotel manager
extrovert,Bartender,www.yourcareerstrategy.com,bartender,bartender
extrovert,Fitness Instructor,www.yourcareerstrategy.com,fitness instructor,fitness instructor
extrovert,Public Relations Specialist,www.yourcareerstrategy.com,public relations specialist,public relations specialist
extrovert,Restaurant Manager,www.yourcareerstrategy.com,restaurant manager,restaurant manager
extrovert,Insurance Sales Agent,www.yourcareerstrategy.com,insurance sales agent,insurance sales agent
extrovert,Industrial-organizational psychologists,www.cypresscollege.edu,industrial-organizational psychologists,industrial-organizational psychologists
extrovert,Genetic Counselor,www.cypresscollege.edu,genetic counselor,genetic counselor
extrovert,Postsecondary Health Specialties Teacher,www.cypresscollege.edu,postsecondary health specialties teacher,postsecondary health specialties teacher
extrovert,Physical Therapists,www.cypresscollege.edu,physical therapists,physical therapist
extrovert,Postsecondary Nursing Instructor,www.cypresscollege.edu,postsecondary nursing instructor,postsecondary nursing instructor
extrovert,Nurse Practitioner,www.cypresscollege.edu,nurse practitioner,nurse practitioner
extrovert,Marriage and Family Therapists,www.cypresscollege.edu,marriage and family therapists,marriage and family therapists
extrovert,Orthodontist,www.cypresscollege.edu,orthodontist,orthodontist
extrovert,Event Planner,www.cypresscollege.edu,event planner,event planner
extrovert,Content Strategist,www.cypresscollege.edu,content strategist,content strategist
extrovert,Personal Financial Advisor,www.cypresscollege.edu,personal financial advisor,personal financial advisor
extrovert,Physical Therapists Assistant,www.cypresscollege.edu,physical therapists assistant,physical therapists assistant
extrovert,Ultrasound Technician,www.cypresscollege.edu,ultrasound technician,ultrasound technician
extrovert,Occupational Therapy Assistant,www.cypresscollege.edu,occupational therapy assistant,occupational therapy assistant
extrovert,Dental Hygienist,www.cypresscollege.edu,dental hygienist,dental hygienist
extrovert,sales representative,www.monarch.edu.au,sales representative,sales representative
extrovert,event coordinator,www.monarch.edu.au,event coordinator,event coordinator
extrovert,call center operator,www.monarch.edu.au,call center operator,call center operator
extrovert,server,www.monarch.edu.au,server,server
extrovert,real estate agent,www.monarch.edu.au,real estate agent,real estate agent
extrovert,restaurant server,www.monarch.edu.au,restaurant server,restaurant server
extrovert,salesperson,www.monarch.edu.au,salesperson,salesperson
extrovert,car dealer,www.monarch.edu.au,car dealer,car dealer
extrovert,customer service,www.monarch.edu.au,customer service,customer service representative
extrovert,Sports Agent,www.collegetransitions.com,sports agent,sports agent
extrovert,Literary Agent,www.collegetransitions.com,literary agent,literary agent
extrovert,Talent Agent,www.collegetransitions.com,talent agent,talent agent
extrovert,Agent,www.collegetransitions.com,agent,agent
extrovert,Travel Writer,www.collegetransitions.com,travel writer,travel writer
extrovert,Flight Attendant,www.collegetransitions.com,flight attendant,flight attendant
extrovert,Sales Representative,www.collegetransitions.com,sales representative,sales representative
extrovert,Real Estate Agent,www.collegetransitions.com,real estate agent,real estate agent
extrovert,Public Relations Specialist,www.collegetransitions.com,public relations specialist,public relations specialist
extrovert,Occupational Therapist,www.collegetransitions.com,occupational therapist,occupational therapist
extrovert,Journalist,www.collegetransitions.com,journalist,journalist
extrovert,Hospitality Manager,www.collegetransitions.com,hospitality manager,hospitality manager
extrovert,Computer Systems Manager,www.collegetransitions.com,computer systems manager,computer systems manager
extrovert,Librarian,www.collegetransitions.com,librarian,librarian
extrovert,Lobbyist,www.collegetransitions.com,lobbyist,lobbyist
extrovert,Social Media Manager,www.collegetransitions.com,social media manager,social media manager
extrovert,Advertising Manager,www.collegetransitions.com,advertising manager,advertising manager
extrovert,Marketing Manager,www.collegetransitions.com,marketing manager,marketing manager
extrovert,Nurse,www.collegetransitions.com,nurse,nurse
extrovert,Fitness Instructor,www.collegetransitions.com,fitness instructor,fitness instructor
extrovert,College Professor,www.collegetransitions.com,college professor,college professor
extrovert,K-12 Teacher,www.collegetransitions.com,k-12 teacher,k-12 teacher
extrovert,Product Manager,www.collegetransitions.com,product manager,product manager
extrovert,Psychologists,www.collegetransitions.com,psychologists,psychologist
extrovert,Community Outreach Coordinator,www.collegetransitions.com,community outreach coordinator,community outreach coordinator
extrovert,Lawyer,www.collegetransitions.com,lawyer,lawyer
extrovert,Criminal Investigator,www.collegetransitions.com,criminal investigator,criminal investigator
extrovert,Recruiter,www.collegetransitions.com,recruiter,recruiter
extrovert,Actor,www.collegetransitions.com,actor,actor
extrovert,Hair Stylist,www.collegetransitions.com,hair stylist,hairstylist
extrovert,Performer,www.collegetransitions.com,performer,performer
extrovert,Singer,www.collegetransitions.com,singer,singer
extrovert,Medication Care Coordinator,medcerts.com,medication care coordinator,medication care coordinator
extrovert,Patient Care Technician,medcerts.com,patient care technician,patient care technician
extrovert,Medical Assistant,medcerts.com,medical assistant,medical assistant
extrovert,Physical Therapy Aide,medcerts.com,physical therapy aide,physical therapy aide
extrovert,Administrative Specialist,medcerts.com,administrative specialist,administrative specialist
extrovert,Teacher,www.coolvufranchise.com,teacher,teacher
extrovert,Sales Representative,www.coolvufranchise.com,sales representative,sales representative
extrovert,Marketing Manager,www.coolvufranchise.com,marketing manager,marketing manager
extrovert,Franchise-Owner,www.coolvufranchise.com,franchise-owner,franchise-owner
extrovert,coach,www.monster.com,coach,coach
extrovert,consultant,www.monster.com,consultant,consultant
extrovert,business consultant,www.monster.com,business consultant,business consultant
extrovert,hair stylist,www.monster.com,hair stylist,hairstylist
extrovert,beautician,www.monster.com,beautician,beautician
extrovert,help desk technician,www.monster.com,help desk technician,help desk technician
extrovert,Customer Service Rep,www.monster.com,customer service rep,customer service representative
extrovert,Digital Marketing Specialist,www.monster.com,digital marketing specialist,digital marketing specialist
extrovert,flight attendant,www.monster.com,flight attendant,flight attendant
extrovert,Attorney,www.monster.com,attorney,attorney
extrovert,Lawyer,www.monster.com,lawyer,lawyer
extrovert,judge,www.monster.com,judge,judge
extrovert,ux designer,www.monster.com,ux designer,ux designer
extrovert,recruiter,www.monster.com,recruiter,recruiter
extrovert,tech recruiter,www.monster.com,tech recruiter,tech recruiter
extrovert,Registered Nurse,www.monster.com,registered nurse,registered nurse
extrovert,Sales Representative,www.monster.com,sales representative,sales representative
extrovert,Physical Therapist,www.nasdaq.com,physical therapist,physical therapist
extrovert,Registered Nurse,www.nasdaq.com,registered nurse,registered nurse
extrovert,Occupational Therapist,www.nasdaq.com,occupational therapist,occupational therapist
extrovert,Lawyer,www.nasdaq.com,lawyer,lawyer
extrovert,Dental Hygienist,www.nasdaq.com,dental hygienist,dental hygienist
extrovert,Speech Language Pathologist,www.nasdaq.com,speech language pathologist,speech language pathologist
extrovert,Flight attendant,www.betterup.com,flight attendant,flight attendant
extrovert,Sales representative,www.betterup.com,sales representative,sales representative
extrovert,Financial advisor,www.betterup.com,financial advisor,financial advisor
extrovert,Security trader,www.betterup.com,security trader,security trader
extrovert,Ccommodity trader,www.betterup.com,ccommodity trader,ccommodity trader
extrovert,Financial trader,www.betterup.com,financial trader,financial trader
extrovert,Fundraising manager,www.betterup.com,fundraising manager,fundraising manager
extrovert,Marketing manager,www.betterup.com,marketing manager,marketing manager
extrovert,Public relations specialist,www.betterup.com,public relations specialist,public relations specialist
extrovert,Arts administrator,www.betterup.com,arts administrator,arts administrator
extrovert,Creative director,www.betterup.com,creative director,creative director
extrovert,UX designer,www.betterup.com,ux designer,ux designer
extrovert,Social media manager,www.betterup.com,social media manager,social media manager
extrovert,Teacher,www.betterup.com,teacher,teacher
extrovert,Human resource manager,www.betterup.com,human resource manager,human resource manager
extrovert,Recruiter,www.betterup.com,recruiter,recruiter
extrovert,Life coach,www.betterup.com,life coach,life coach
extrovert,Mediator,www.betterup.com,mediator,mediator
extrovert,Hospitality Management,sundancecollege.com,hospitality management,hospitality manager
extrovert,Medical Office Assistant,sundancecollege.com,medical office assistant,medical office assistant
extrovert,Pharmacy Assistant,sundancecollege.com,pharmacy assistant,pharmacy assistant
extrovert,Business Management,sundancecollege.com,business management,business management
extrovert,Entrepreneurship,sundancecollege.com,entrepreneurship,entrepreneur
extrovert,Financial advisor,sundancecollege.com,financial advisor,financial advisor
extrovert,Advisor,sundancecollege.com,advisor,advisor
extrovert,Addictions Professional,sundancecollege.com,addictions professional,addictions professional
extrovert,Community Health Professional,sundancecollege.com,community health professional,community health professional
extrovert,Salesperson,careerlink.com,salesperson,salesperson
extrovert,Customer Service Specialist,careerlink.com,customer service specialist,customer service specialist
extrovert,Relationship Manager,careerlink.com,relationship manager,relationship manager
extrovert,Teacher,careerlink.com,teacher,teacher
extrovert,Public Relations Manager,careerlink.com,public relations manager,public relations manager
extrovert,Human Resources Manager,careerlink.com,human resources manager,human resource manager
extrovert,Event planner,careerlink.com,event planner,event planner
extrovert,Career counselor,careerlink.com,career counselor,career counselor
extrovert,Event Planner,www.themuse.com,event planner,event planner
extrovert,Management Consultant,www.themuse.com,management consultant,management consultant
extrovert,Product Manager,www.themuse.com,product manager,product manager
extrovert,Pharmaceutical Sales Rep,www.themuse.com,pharmaceutical sales rep,pharmaceutical sales rep
extrovert,PR Manager,www.themuse.com,pr manager,pr manager
extrovert,Customer Success Manager,www.themuse.com,customer success manager,customer success manager
extrovert,HR Manager,www.themuse.com,hr manager,hr manager
extrovert,Registered Nurse,www.themuse.com,registered nurse,registered nurse
extrovert,Recruiter,www.themuse.com,recruiter,recruiter
extrovert,Teacher,www.themuse.com,teacher,teacher
extrovert,Natural Sciences Manager,www.forbes.com,natural sciences manager,natural sciences manager
extrovert,Lawyer,www.forbes.com,lawyer,lawyer
extrovert,Human Resources Manager,www.forbes.com,human resources manager,human resource manager
extrovert,Sales Manager,www.forbes.com,sales manager,sales manager
extrovert,Physician Assistant,www.forbes.com,physician assistant,physician assistant
extrovert,Public Relations Manager,www.forbes.com,public relations manager,public relations manager
extrovert,Nurse Practitioner,www.forbes.com,nurse practitioner,nurse practitioner
extrovert,medical manager,www.forbes.com,medical manager,medical manager
extrovert,health services manager,www.forbes.com,health services manager,health service manager
extrovert,Construction Manager,www.forbes.com,construction manager,construction manager
extrovert,Administrative Services Manager,www.forbes.com,administrative services manager,administrative services manager
extrovert,General manager,www.forbes.com,general manager,general manager
extrovert,operations manager,www.forbes.com,operations manager,operations manager
extrovert,Sales Representative,www.liveabout.com,sales representative,sales representative
extrovert,Project Manager,www.liveabout.com,project manager,project manager
extrovert,Construction Manager,www.liveabout.com,construction manager,construction manager
extrovert,Clinical Psychologist,www.liveabout.com,clinical psychologist,clinical psychologist
extrovert,Counseling Psychologist,www.liveabout.com,counseling psychologist,counseling psychologist
extrovert,Mediator,www.liveabout.com,mediator,mediator
extrovert,Hairstylist,www.liveabout.com,hairstylist,hair stylist
extrovert,Financial Advisor,www.liveabout.com,financial advisor,financial advisor
extrovert,Speech Pathologist,www.liveabout.com,speech pathologist,speech pathologist
extrovert,Event Planner,www.liveabout.com,event planner,event planner
extrovert,Urban Planner,www.liveabout.com,urban planner,urban planner
extrovert,Registered Nurse,www.liveabout.com,registered nurse,registered nurse
extrovert,Fashion Designer,www.liveabout.com,fashion designer,fashion designer
extrovert,Sales Lead,www.crystalknows.com,sales lead,sales lead
extrovert,Lawyer,www.crystalknows.com,lawyer,lawyer
extrovert,Public Relations Specialist,www.crystalknows.com,public relations specialist,public relations specialist
extrovert,Recruiter,www.crystalknows.com,recruiter,recruiter
extrovert,Teacher,www.crystalknows.com,teacher,teacher
extrovert,Customer Success Representative,www.crystalknows.com,customer success representative,customer service representative
extrovert,Business,www.crystalknows.com,business,business
extrovert,Manager,www.crystalknows.com,manager,manager
extrovert,Performer,www.crystalknows.com,performer,performer
extrovert,Flight Attendant,www.crystalknows.com,flight attendant,flight attendant
extrovert,Counselor,www.crystalknows.com,counselor,counselor
extrovert,Sales manager,www.crystalknows.com,sales manager,sales manager
extrovert,Recruiter,www.crystalknows.com,recruiter,recruiter
extrovert,Teacher,www.crystalknows.com,teacher,teacher
extrovert,Lawyer,www.crystalknows.com,lawyer,lawyer
extrovert,Performer,www.crystalknows.com,performer,performer
extrovert,Public relations specialist,www.crystalknows.com,public relations specialist,public relations specialist
extrovert,Writers,www.crystalknows.com,writers,writer
extrovert,Social Worker,www.crystalknows.com,social worker,social worker
extrovert,Real Estate Agent,www.crystalknows.com,real estate agent,real estate agent
extrovert,Realtor,www.crystalknows.com,realtor,realtor
extrovert,Mediator,www.crystalknows.com,mediator,mediator
extrovert,Event planner,www.crystalknows.com,event planner,event planner
extrovert,Registered Nurse,www.crystalknows.com,registered nurse,registered nurse
extrovert,Sales,brainmanager.io,sales,sales
extrovert,Marketing,brainmanager.io,marketing,marketing
extrovert,Public Relations,brainmanager.io,public relations,public relations
extrovert,Human Resources,brainmanager.io,human resources,human resources
extrovert,Event Planning,brainmanager.io,event planning,event planning
extrovert,Customer Service,brainmanager.io,customer service,customer service representative
extrovert,Hospitality,brainmanager.io,hospitality,hospitality
extrovert,Tourism,brainmanager.io,tourism,tourism
extrovert,Entertainment,brainmanager.io,entertainment,entertainment
extrovert,Teaching,brainmanager.io,teaching,teaching
extrovert,Media,brainmanager.io,media,media
extrovert,Education,brainmanager.io,education,education
extrovert,Healthcare,brainmanager.io,healthcare,healthcare
extrovert,Entrepreneur,brainmanager.io,entrepreneur,entrepreneur
extrovert,Public relations officer,www.flexispot.com,public relations officer,public relations officer
extrovert,Sales associate,www.flexispot.com,sales associate,sales associate
extrovert,Human resources officer,www.flexispot.com,human resources officer,human resources officer
extrovert,Recruitment officer,www.flexispot.com,recruitment officer,recruitment officer
extrovert,Event planner,www.flexispot.com,event planner,event planner
extrovert,Public relations specialist,careerlaunchpad.arcadia.edu,public relations specialist,public relations specialist
extrovert,Recruiter,careerlaunchpad.arcadia.edu,recruiter,recruiter
extrovert,Teacher,careerlaunchpad.arcadia.edu,teacher,teacher
extrovert,Corporate trainer,careerlaunchpad.arcadia.edu,corporate trainer,corporate trainer
extrovert,Health care worker,careerlaunchpad.arcadia.edu,health care worker,health care worker
extrovert,Real estate agent,careerlaunchpad.arcadia.edu,real estate agent,real estate agent
extrovert,Retail store manager,careerlaunchpad.arcadia.edu,retail store manager,retail store manager
extrovert,Lawyer,www.careeraddict.com,lawyer,lawyer
extrovert,Sales manager,www.careeraddict.com,sales manager,sales manager
extrovert,Event planner,www.careeraddict.com,event planner,event planner
extrovert,Cosmetologist,www.careeraddict.com,cosmetologist,cosmetologist
extrovert,Life coach,www.careeraddict.com,life coach,life coach
extrovert,Human resources advisor,www.careeraddict.com,human resources advisor,human resources advisor
extrovert,Public relations officer,www.careeraddict.com,public relations officer,public relations officer
extrovert,Nurse,www.careeraddict.com,nurse,nurse
extrovert,Teacher,www.careeraddict.com,teacher,teacher
extrovert,Financial advisor,www.careeraddict.com,financial advisor,financial advisor
extrovert,Actor,www.careeraddict.com,actor,actor
extrovert,Flight attendant,www.careeraddict.com,flight attendant,flight attendant
extrovert,Hairdresser,www.careeraddict.com,hairdresser,hairstyler
extrovert,Recruitment consultant,www.careeraddict.com,recruitment consultant,recruitment consultant
extrovert,Social media coordinator,www.careeraddict.com,social media coordinator,social media coordinator
extrovert,Politician,www.careeraddict.com,politician,politician
extrovert,Marketing manager,www.careeraddict.com,marketing manager,marketing manager
extrovert,Dentist,www.careeraddict.com,dentist,dentist
extrovert,Counsellor,www.careeraddict.com,counsellor,counselor
extrovert,Tour Guide,www.careeraddict.com,tour guide,tour guide
extrovert,real estate agent,www.ihire.com,real estate agent,real estate agent
extrovert,Sales Representative,www.ihire.com,sales representative,sales representative
extrovert,Marketing Manager,www.ihire.com,marketing manager,marketing manager
extrovert,Lawyer,www.ihire.com,lawyer,lawyer
extrovert,Event Planner,www.ihire.com,event planner,event planner
