personality,job,source
introvert,Software Developer,online.fit.edu
introvert,Budget Analyst,online.fit.edu
introvert,Accountant,online.fit.edu
introvert,Criminologist,online.fit.edu
introvert,Portfolio Compliance Specialist,online.fit.edu
introvert,Controller,online.fit.edu
introvert,Market Research Analyst,online.fit.edu
introvert,Data Scientist,www.multiverse.io
introvert,Software Engineer,www.multiverse.io
introvert,Product Manager,www.multiverse.io
introvert,Data Engineer,www.multiverse.io
introvert,Data Analyst,www.multiverse.io
introvert,Content Marketing Manager,www.multiverse.io
introvert,Cybersecurity Analyst,www.multiverse.io
introvert,Graphic Designer,www.multiverse.io
introvert,UX Designer,www.multiverse.io
introvert,Cloud Engineer,www.multiverse.io
introvert,Project Manager,www.multiverse.io
introvert,Technical Writing,www.multiverse.io
introvert,Technical Writer,www.multiverse.io
introvert,Systems Engineer,blog.steppingblocks.com
introvert,Human Resources Manager,blog.steppingblocks.com
introvert,Software Developer,blog.steppingblocks.com
introvert,Cybersecurity Engineer,blog.steppingblocks.com
introvert,Psychologist,blog.steppingblocks.com
introvert,Web Developer,blog.steppingblocks.com
introvert,Accountant,blog.steppingblocks.com
introvert,Information Security Analyst,blog.steppingblocks.com
introvert,X-Ray Technician,blog.steppingblocks.com
introvert,Writer,blog.steppingblocks.com
introvert,Teacher,blog.steppingblocks.com
introvert,Business Analyst,blog.steppingblocks.com
introvert,Social Worker,blog.steppingblocks.com
introvert,Web Designer,blog.steppingblocks.com
introvert,Therapist,blog.steppingblocks.com
introvert,Social worker,www.coursera.org
introvert,Physician assistant,www.coursera.org,
introvert,UX Designer,www.coursera.org
introvert,Data scientist,www.coursera.org
introvert,Engineer,www.coursera.org
introvert,IT manager,www.coursera.org
introvert,Social media manager,www.coursera.org
introvert,Digital designer,www.coursera.org
introvert,Software developer,www.coursera.org
introvert,Accountant,www.coursera.org
introvert,Market research analyst,www.coursera.org
introvert,Industrial machinery mechanic,www.coursera.org
introvert,Health service manager,www.coursera.org
introvert,Veterinarian,www.coursera.org
introvert,Marketing manager,www.coursera.org
introvert,Cybersecurity analyst,www.coursera.org
introvert,Project manager,www.coursera.org
introvert,Help desk technician,www.coursera.org
introvert,Lawyer,www.coursera.org
introvert,Psychologist,www.coursera.org
introvert,Interpreter,www.coursera.org
introvert,Commercial airline pilot,www.coursera.org
introvert,Researcher,www.coursera.org
introvert,Social scientist,www.coursera.org
introvert,Writer,www.coursera.org
introvert,Archivist,timesofindia.indiatimes.com
introvert,Librarian,timesofindia.indiatimes.com
introvert,Data analyst,timesofindia.indiatimes.com
introvert,Technical writer,timesofindia.indiatimes.com
introvert,Therapist,timesofindia.indiatimes.com
introvert,Counselor,timesofindia.indiatimes.com
introvert,UX designer,timesofindia.indiatimes.com
introvert,Research scientist,timesofindia.indiatimes.com
introvert,Independent creator,timesofindia.indiatimes.com
introvert,Web Developer,www.sofi.com
introvert,Digital Designer,www.sofi.com
introvert,Farmer,www.sofi.com
introvert,Rancher,www.sofi.com
introvert,Psychologist,www.sofi.com
introvert,Pipefitter,www.sofi.com
introvert,Plumber,www.sofi.com
introvert,Steamfitter,www.sofi.com
introvert,Postal Service Worker,www.sofi.com
introvert,Social Worker,www.sofi.com
introvert,HVAC Technician,www.sofi.com
introvert,Environmental Scientist,www.sofi.com
introvert,Delivery Truck Driver,www.sofi.com
introvert,Writer,www.sofi.com
introvert,Author,www.sofi.com
introvert,Librarian,www.sofi.com
introvert,Physician,www.sofi.com
introvert,Roofer,www.sofi.com
introvert,Surveying and Mapping Technician,www.sofi.com
introvert,Mechanic,www.sofi.com
introvert,Bookkeeper,www.sofi.com
introvert,Interpreter,www.sofi.com
introvert,Translator,www.sofi.com
introvert,Software Quality Assurance Analyst,www.sofi.com
introvert,Tester,www.sofi.com
introvert,Marketing Manager,www.sofi.com
introvert,Photographer,www.sofi.com
introvert,Proofreader,www.sofi.com
introvert,Landscaper,www.sofi.com
introvert,Physician Assistant,www.sofi.com
introvert,Animal Trainer,www.sofi.com
introvert,Medical Transcriptionist,www.sofi.com
introvert,Floral Designer,www.sofi.com
introvert,Data Scientist,www.sofi.com
introvert,Teacher,www.sofi.com
introvert,Hand Sewer,www.sofi.com
introvert,Accountant,www.sofi.com
