url,label,tag
https://www.sofi.com/learn/content/fulfilling-jobs-that-pay-well/,extrovert,h3
https://www.humanresourcesonline.net/top-10-high-paying-jobs-for-extroverts-in-2025,extrovert,b
https://www.bestcolleges.com/blog/best-jobs-for-extroverts/,extrovert,th
https://www.tealhq.com/post/jobs-for-extroverts,extrovert,strong
https://www.yourcareerstrategy.com/blog/11-career-paths-for-extroverts-that-dont-require-a-college-degree-and-have-great-salaries,extrovert,strong
https://www.cypresscollege.edu/2015/11/16/15-high-growth-careers-for-extroverts/,extrovert,br
https://www.collegetransitions.com/blog/best-jobs-for-extroverts/,extrovert,h2
https://medcerts.com/blog/5-best-careers-for-extroverts-social-people,extrovert,strong
https://www.coolvufranchise.com/blog/best-jobs-for-extroverts/,extrovert,h3
https://www.monster.com/career-advice/article/tech-jobs-extroverts-0317,extrovert,strong
https://www.nasdaq.com/articles/6-high-paying-jobs-extroverts-2025,extrovert,h2
https://www.betterup.com/blog/jobs-for-extroverts,extrovert,h4
https://sundancecollege.com/blog/extrovert-career-search/,extrovert,h3
https://careerlink.com/careerhub/best-jobs-for-extroverts/,extrovert,b
https://www.themuse.com/advice/best-jobs-careers-for-extroverts,extrovert,h2
https://www.forbes.com/sites/bryanrobinson/2025/10/03/11-ai-proof-highest-paying-six-figure-jobs-for-extroverts-in-2025/,extrovert,p
https://www.liveabout.com/careers-for-extroverts-525392,extrovert,span
https://www.crystalknows.com/blog/best-jobs-for-extroverts,extrovert,span
https://brainmanager.io/blog/career/best-jobs-for-extroverts,extrovert,h3
https://www.flexispot.com/spine-care-center/5-jobs-extroverts-would-be-perfect-for?srsltid=AfmBOoodWdUa8cdXhBwJwvShWqvRJTxwD9h2pBWJRcg8fvMly_nFM9ZJ,extrovert,h3
https://careerlaunchpad.arcadia.edu/blog/2024/10/22/7-great-jobs-for-extroverts/,extrovert,strong
https://www.careeraddict.com/extrovert-jobs,extrovert,h2
https://www.ihire.com/resourcecenter/jobseeker/pages/5-high-paying-jobs-for-extroverts-that-also-fulfill-your-social-needs,extrovert,a